{
  "config.ini": [
    {
      "Parent Path": "C:\\Users\\TEU_USER\\PycharmProjects\\listdir\\listdir\\config.ini",
      "File Name": "config.ini",
      "File Size": 229,
      "MD5": "5d700edb9670ec1db874ef12a2122d3e",
      "SHA1": "a7e6386d349d45fca9d870ff906cb9847fc80298"
    }
  ]
}{
  "create_db_table.py": [
    {
      "Parent Path": "C:\\Users\\TEU_USER\\PycharmProjects\\listdir\\listdir\\create_db_table.py",
      "File Name": "create_db_table.py",
      "File Size": 2180,
      "MD5": "85242881acb57bf4586b92b25a33ce87",
      "SHA1": "fa29674302cdafa0b2dfdcc1065706ab00714770"
    }
  ]
}{
  "default_file_20191112_154629.json": [
    {
      "Parent Path": "C:\\Users\\TEU_USER\\PycharmProjects\\listdir\\listdir\\default_file_20191112_154629.json",
      "File Name": "default_file_20191112_154629.json",
      "File Size": 0,
      "MD5": "d41d8cd98f00b204e9800998ecf8427e",
      "SHA1": "da39a3ee5e6b4b0d3255bfef95601890afd80709"
    }
  ]
}{
  "listdir.py": [
    {
      "Parent Path": "C:\\Users\\TEU_USER\\PycharmProjects\\listdir\\listdir\\listdir.py",
      "File Name": "listdir.py",
      "File Size": 9311,
      "MD5": "d77967827d3ab1d009c2ddbc5620a31a",
      "SHA1": "8bc34140c7326af0662af1a14fafe813da43d0cc"
    }
  ]
}{
  "listdir_error.log": [
    {
      "Parent Path": "C:\\Users\\TEU_USER\\PycharmProjects\\listdir\\listdir\\listdir_error.log",
      "File Name": "listdir_error.log",
      "File Size": 3448,
      "MD5": "ef6a62c658e57663a10c35c1d9106f24",
      "SHA1": "fc698ead56ba40cd075b6ca952a3886a0ed0a033"
    }
  ]
}{
  "listdir_info.log": [
    {
      "Parent Path": "C:\\Users\\TEU_USER\\PycharmProjects\\listdir\\listdir\\listdir_info.log",
      "File Name": "listdir_info.log",
      "File Size": 9257,
      "MD5": "8f7e2a5356ba42d6dcd6f24851ad710c",
      "SHA1": "420f456a568ab17f08a111121f9ec928c320bc95"
    }
  ]
}{
  "logging_listdir.yaml": [
    {
      "Parent Path": "C:\\Users\\TEU_USER\\PycharmProjects\\listdir\\listdir\\logging_listdir.yaml",
      "File Name": "logging_listdir.yaml",
      "File Size": 861,
      "MD5": "7ee106c8c2dc81c0cd98ad21d4b2481f",
      "SHA1": "984571cf9fb34a7c9747a9d2dbd36bd0bbb7549c"
    }
  ]
}{
  "MANIFEST.in": [
    {
      "Parent Path": "C:\\Users\\TEU_USER\\PycharmProjects\\listdir\\listdir\\MANIFEST.in",
      "File Name": "MANIFEST.in",
      "File Size": 26,
      "MD5": "0d46f74b56ba4d6c16fe2ac11d437a32",
      "SHA1": "e0613788cd5822eb7a958bb0ffdfed522c9ef43b"
    }
  ]
}{
  "sample.csv.csv": [
    {
      "Parent Path": "C:\\Users\\TEU_USER\\PycharmProjects\\listdir\\listdir\\sample.csv.csv",
      "File Name": "sample.csv.csv",
      "File Size": 3922,
      "MD5": "3cc623eed556fd4dd8c3922b209f89c9",
      "SHA1": "ebc128aa0b2ef88228711b9bb2a42bdf76d60071"
    }
  ]
}{
  "test.py": [
    {
      "Parent Path": "C:\\Users\\TEU_USER\\PycharmProjects\\listdir\\listdir\\test.py",
      "File Name": "test.py",
      "File Size": 608,
      "MD5": "f0e8fe7e46fb2b4ec0a571cb689f2437",
      "SHA1": "21fc9ad28a03f8636c37e7a818bb62f88230092a"
    }
  ]
}{
  "__init__.py": [
    {
      "Parent Path": "C:\\Users\\TEU_USER\\PycharmProjects\\listdir\\listdir\\__init__.py",
      "File Name": "__init__.py",
      "File Size": 280,
      "MD5": "6036a582623e1da0890729d34c84874b",
      "SHA1": "92f8a64d57c926c6d37e487f5ea6a2d979b03f7d"
    }
  ]
}{
  "create_db_table.cpython-37.pyc": [
    {
      "Parent Path": "C:\\Users\\TEU_USER\\PycharmProjects\\listdir\\listdir\\__pycache__\\create_db_table.cpython-37.pyc",
      "File Name": "create_db_table.cpython-37.pyc",
      "File Size": 2196,
      "MD5": "4b5c10918601efdbf85c9eaf4a3fb9a8",
      "SHA1": "801d646d90f2795cf47db3ede1b718b5f256aa0d"
    }
  ]
}{
  "create_table.cpython-37.pyc": [
    {
      "Parent Path": "C:\\Users\\TEU_USER\\PycharmProjects\\listdir\\listdir\\__pycache__\\create_table.cpython-37.pyc",
      "File Name": "create_table.cpython-37.pyc",
      "File Size": 939,
      "MD5": "0f0659634a6217b8273fd46dd2c22e24",
      "SHA1": "e2eb26a536a703736c6236fab21de58c09250106"
    }
  ]
}{
  "listdir.cpython-37.pyc": [
    {
      "Parent Path": "C:\\Users\\TEU_USER\\PycharmProjects\\listdir\\listdir\\__pycache__\\listdir.cpython-37.pyc",
      "File Name": "listdir.cpython-37.pyc",
      "File Size": 7402,
      "MD5": "ac492f6fd9004ef2c247cfed8556b147",
      "SHA1": "c3585cdfb951a0c8284c1cf7e3e9cf6140448b3d"
    }
  ]
}{
  "__init__.cpython-37.pyc": [
    {
      "Parent Path": "C:\\Users\\TEU_USER\\PycharmProjects\\listdir\\listdir\\__pycache__\\__init__.cpython-37.pyc",
      "File Name": "__init__.cpython-37.pyc",
      "File Size": 366,
      "MD5": "9b2bc2af4c7f78c59c397c0040006c82",
      "SHA1": "f026e605e13aa3eb3d17edeae9bfee768bacb081"
    }
  ]
}